uniprot_id,protein_name,sequence,sequence_length
P05177,CYP1A2,MALSQSVPFSATELLLASAIFCLVFWVLKGLRPRVPKGLKSPPEPWGWPLLGHVLTLGKNPHLALSRMSQRYGDVLQIRIGSTPVLVLSRLDTIRQALVRQGDDFKGRPDLYTSTLITDGQSLTFSTDSGPVWAARRRLAQNALNTFSIASDPASSSSCYLEEHVSKEAKALISRLQELMAGPGHFDPYNQVVVSVANVIGAMCFGQHFPESSDEMLSLVKNTHEFVETASSGNPLDFFPILRYLPNPALQRFKAFNQRFLWFLQKTVQEHYQDFDKNSVRDITGALFKHSKKGPRASGNLIPQEKIVNLVNDIFGAGFDTVTTAISWSLMYLVTKPEIQRKIQKELDTVIGRERRPRLSDRPQLPYLEAFILETFRHSSFLPFTIPHSTTRDTTLNGFYIPKKCCVFVNQWQVNHDPELWEDPSEFRPERFLTADGTAINKPLSEKMMLFGMGKRRCIGEVLAKWEIFLFLAILLQQLEFSVPPGVKVDLTPIYGLTMKHARCEHVQARLRFSIN,516
P20813,CYP2B6,MELSVLLFLALLTGLLLLLVQRHPNTHDRLPPGPRPLPLLGNLLQMDRRGLLKSFLRFREKYGDVFTVHLGPRPVVMLCGVEAIREALVDKAEAFSGRGKIAMVDPFFRGYGVIFANGNRWKVLRRFSVTTMRDFGMGKRSVEERIQEEAQCLIEELRKSKGALMDPTFLFQSITANIICSIVFGKRFHYQDQEFLKMLNLFYQTFSLISSVFGQLFELFSGFLKYFPGAHRQVYKNLQEINAYIGHSVEKHRETLDPSAPKDLIDTYLLHMEKEKSNAHSEFSHQNLNLNTLSLFFAGTETTSTTLRYGFLLMLKYPHVAERVYREIEQVIGPHRPPELHDRAKMPYTEAVIYEIQRFSDLLPMGVPHIVTQHTSFRGYIIPKDTEVFLILSTALHDPHYFEKPDAFNPDHFLDANGALKKTEAFIPFSLGKRICLGEGIARAELFLFFTTILQNFSMASPVAPEDIDLTPQECGVGKIPPTYQIRFLPR,491
P11712,CYP2C9,MDSLVVLVLCLSCLLLLSLWRQSSGRGKLPPGPTPLPVIGNILQIGIKDISKSLTNLSKVYGPVFTLYFGLKPIVVLHGYEAVKEALIDLGEEFSGRGIFPLAERANRGFGIVFSNGKKWKEIRRFSLMTLRNFGMGKRSIEDRVQEEARCLVEELRKTKASPCDPTFILGCAPCNVICSIIFHKRFDYKDQQFLNLMEKLNENIKILSSPWIQICNNFSPIIDYFPGTHNKLLKNVAFMKSYILEKVKEHQESMDMNNPQDFIDCFLMKMEKEKHNQPSEFTIESLENTAVDLFGAGTETTSTTLRYALLLLLKHPEVTAKVQEEIERVIGRNRSPCMQDRSHMPYTDAVVHEVQRYIDLLPTSLPHAVTCDIKFRNYLIPKGTTILISLTSVLHDNKEFPNPEMFDPHHFLDEGGNFKKSKYFMPFSAGKRICVGEALAGMELFLFLTSILQNFNLKSLVDPKNLDTTPVVNGFASVPPFYQLCFIPV,490
P33261,CYP2C19,MDPFVVLVLCLSCLLLLSIWRQSSGRGKLPPGPTPLPVIGNILQIDIKDVSKSLTNLSKIYGPVFTLYFGLERMVVLHGYEVVKEALIDLGEEFSGRGHFPLAERANRGFGIVFSNGKRWKEIRRFSLMTLRNFGMGKRSIEDRVQEEARCLVEELRKTKASPCDPTFILGCAPCNVICSIIFQKRFDYKDQQFLNLMEKLNENIRIVSTPWIQICNNFPTIIDYFPGTHNKLLKNLAFMESDILEKVKEHQESMDINNPRDFIDCFLIKMEKEKQNQQSEFTIENLVITAADLLGAGTETTSTTLRYALLLLLKHPEVTAKVQEEIERVIGRNRSPCMQDRGHMPYTDAVVHEVQRYIDLIPTSLPHAVTCDVKFRNYLIPKGTTILTSLTSVLHDNKEFPNPEMFDPRHFLDEGGNFKKSNYFMPFSAGKRICVGEGLARMELFLFLTFILQNFNLKSLIDPKDLDTTPVVNGFASVPPFYQLCFIPV,490
P10635,CYP2D6,MGLEALVPLAVIVAIFLLLVDLMHRRQRWAARYPPGPLPLPGLGNLLHVDFQNTPYCFDQLRRRFGDVFSLQLAWTPVVVLNGLAAVREALVTHGEDTADRPPVPITQILGFGPRSQGVFLARYGPAWREQRRFSVSTLRNLGLGKKSLEQWVTEEAACLCAAFANHSGRPFRPNGLLDKAVSNVIASLTCGRRFEYDDPRFLRLLDLAQEGLKEESGFLREVLNAVPVLLHIPALAGKVLRFQKAFLTQLDELLTEHRMTWDPAQPPRDLTEAFLAEMEKAKGNPESSFNDENLRIVVADLFSAGMVTTSTTLAWGLLLMILHPDVQRRVQQEIDDVIGQVRRPEMGDQAHMPYTTAVIHEVQRFGDIVPLGVTHMTSRDIEVQGFRIPKGTTLITNLSSVLKDEAVWEKPFRFHPEHFLDAQGHFVKPEAFLPFSAGRRACLGEPLARMELFLFFTSLLQHFSFSVPTGQPRPSHHGVFAFLVSPSPYELCAVPR,497
P08684,CYP3A4,MALIPDLAMETWLLLAVSLVLLYLYGTHSHGLFKKLGIPGPTPLPFLGNILSYHKGFCMFDMECHKKYGKVWGFYDGQQPVLAITDPDMIKTVLVKECYSVFTNRRPFGPVGFMKSAISIAEDEEWKRLRSLLSPTFTSGKLKEMVPIIAQYGDVLVRNLRREAETGKPVTLKDVFGAYSMDVITSTSFGVNIDSLNNPQDPFVENTKKLLRFDFLDPFFLSITVFPFLIPILEVLNICVFPREVTNFLRKSVKRMKESRLEDTQKHRVDFLQLMIDSQNSKETESHKALSDLELVAQSIIFIFAGYETTSSVLSFIMYELATHPDVQQKLQEEIDAVLPNKAPPTYDTVLQMEYLDMVVNETLRLFPIAMRLERVCKKDVEINGMFIPKGVVVMIPSYALHRDPKYWTEPEKFLPERFSKKNKDNIDPYIYTPFGSGPRNCIGMRFALMNMKLALIRVLQNFSFKPCKETQIPLKLSLGGLLQPEKPVVLKVESRDGTVSGA,503
Q06278,Aldehyde oxidase,MDRASELLFYVNGRKVIEKNVDPETMLLPYLRKKLRLTGTKYGCGGGGCGACTVMISRYNPITKRIRHHPANACLIPICSLYGAAVTTVEGIGSTHTRIHPVQERIAKCHGTQCGFCTPGMVMSIYTLLRNHPEPTLDQLTDALGGNLCRCTGYRPIIDACKTFCKTSGCCQSKENGVCCLDQGINGLPEFEEGSKTSPKLFAEEEFLPLDPTQELIFPPELMIMAEKQSQRTRVFGSERMMWFSPVTLKELLEFKFKYPQAPVIMGNTSVGPEVKFKGVFHPVIISPDRIEELSVVNHAYNGLTLGAGLSLAQVKDILADVVQKLPEEKTQMYHALLKHLGTLAGSQIRNMASLGGHIISRHPDSDLNPILAVGNCTLNLLSKEGKRQIPLNEQFLSKCPNADLKPQEILVSVNIPYSRKWEFVSAFRQAQRQENALAIVNSGMRVFFGEGDGIIRELCISYGGVGPATICAKNSCQKLIGRHWNEQMLDIACRLILNEVSLLGSAPGGKVEFKRTLIISFLFKFYLEVSQILKKMDPVHYPSLADKYESALEDLHSKHHCSTLKYQNIGPKQHPEDPIGHPIMHLSGVKHATGEAIYCDDMPLVDQELFLTFVTSSRAHAKIVSIDLSEALSMPGVVDIMTAEHLSDVNSFCFFTEAEKFLATDKVFCVGQLVCAVLADSEVQAKRAAKRVKIVYQDLEPLILTIEESIQHNSSFKPERKLEYGNVDEAFKVVDQILEGEIHMGGQEHFYMETQSMLVVPKGEDQEMDVYVSTQFPKYIQDIVASTLKLPANKVMCHVRRVGGAFGGKVLKTGIIAAVTAFAANKHGRAVRCVLERGEDMLITGGRHPYLGKYKAGFMNDGRILALDMEHYSNAGASLDESLFVIEMGLLKMDNAYKFPNLRCRGWACRTNLPSNTAFRGFGFPQAALITESCITEVAAKCGLSPEKVRIINMYKEIDQTPYKQEINAKNLIQCWRECMAMSSYSLRKVAVEKFNAENYWKKKGLAMVPLKFPVGLGSRAAGQAAALVHIYLDGSVLVTHGGIEMGQGVHTKMIQVVSRELRMPMSNVHLRGTSTETVPNANISGGSVVADLNGLAVKDACQTLLKRLEPIISKNPKGTWKDWAQTAFDESINLSAVGYFRGYESDMNWEKGEGQPFEYFVYGAACSEVEIDCLTGDHKNIRTDIVMDVGCSINPAIDIGQIEGAFIQGMGLYTIEELNYSPQGILHTRGPDQYKIPAICDMPTELHIALLPPSQNSNTLYSSKGLGESGVFLGCSVFFAIHDAVSAARQERGLHGPLTLNSPLTPEKIRMACEDKFTKMIPRDEPGSYVPWNVPI,1338
P47989,Xanthine oxidase,MTADKLVFFVNGRKVVEKNADPETTLLAYLRRKLGLSGTKLGCGEGGCGACTVMLSKYDRLQNKIVHFSANACLAPICSLHHVAVTTVEGIGSTKTRLHPVQERIAKSHGSQCGFCTPGIVMSMYTLLRNQPEPTMEEIENAFQGNLCRCTGYRPILQGFRTFARDGGCCGGDGNNPNCCMNQKKDHSVSLSPSLFKPEEFTPLDPTQEPIFPPELLRLKDTPRKQLRFEGERVTWIQASTLKELLDLKAQHPDAKLVVGNTEIGIEMKFKNMLFPMIVCPAWIPELNSVEHGPDGISFGAACPLSIVEKTLVDAVAKLPAQKTEVFRGVLEQLRWFAGKQVKSVASVGGNIITASPISDLNPVFMASGAKLTLVSRGTRRTVQMDHTFFPGYRKTLLSPEEILLSIEIPYSREGEYFSAFKQASRREDDIAKVTSGMRVLFKPGTTEVQELALCYGGMANRTISALKTTQRQLSKLWKEELLQDVCAGLAEELHLPPDAPGGMVDFRCTLTLSFFFKFYLTVLQKLGQENLEDKCGKLDPTFASATLLFQKDPPADVQLFQEVPKGQSEEDMVGRPLPHLAADMQASGEAVYCDDIPRYENELSLRLVTSTRAHAKIKSIDTSEAKKVPGFVCFISADDVPGSNITGICNDETVFAKDKVTCVGHIIGAVVADTPEHTQRAAQGVKITYEELPAIITIEDAIKNNSFYGPELKIEKGDLKKGFSEADNVVSGEIYIGGQEHFYLETHCTIAVPKGEAGEMELFVSTQNTMKTQSFVAKMLGVPANRIVVRVKRMGGGFGGKETRSTVVSTAVALAAYKTGRPVRCMLDRDEDMLITGGRHPFLARYKVGFMKTGTVVALEVDHFSNVGNTQDLSQSIMERALFHMDNCYKIPNIRGTGRLCKTNLPSNTAFRGFGGPQGMLIAECWMSEVAVTCGMPAEEVRRKNLYKEGDLTHFNQKLEGFTLPRCWEECLASSQYHARKSEVDKFNKENCWKKRGLCIIPTKFGISFTVPFLNQAGALLHVYTDGSVLLTHGGTEMGQGLHTKMVQVASRALKIPTSKIYISETSTNTVPNTSPTAASVSADLNGQAVYAACQTILKRLEPYKKKNPSGSWEDWVTAAYMDTVSLSATGFYRTPNLGYSFETNSGNPFHYFSYGVACSEVEIDCLTGDHKNLRTDIVMDVGSSLNPAIDIGQVEGAFVQGLGLFTLEELHYSPEGSLHTRGPSTYKIPAFGSIPIEFRVSLLRDCPNKKAIYASKAVGEPPLFLAASIFFAIKDAIRAARAQHTGNNVKELFRLDSPATPEKIRNACVDKFTTLCVTGVPENCKPWSVRV,1333
P21397,Monoamine oxidase A,MENQEKASIAGHMFDVVVIGGGISGLSAAKLLTEYGVSVLVLEARDRVGGRTYTIRNEHVDYVDVGGAYVGPTQNRILRLSKELGIETYKVNVSERLVQYVKGKTYPFRGAFPPVWNPIAYLDYNNLWRTIDNMGKEIPTDAPWEAQHADKWDKMTMKELIDKICWTKTARRFAYLFVNINVTSEPHEVSALWFLWYVKQCGGTTRIFSVTNGGQERKFVGGSGQVSERIMDLLGDQVKLNHPVTHVDQSSDNIIIETLNHEHYECKYVINAIPPTLTAKIHFRPELPAERNQLIQRLPMGAVIKCMMYYKEAFWKKKDYCGCMIIEDEDAPISITLDDTKPDGSLPAIMGFILARKADRLAKLHKEIRKKKICELYAKVLGSQEALHPVHYEEKNWCEEQYSGGCYTAYFPPGIMTQYGRVIRQPVGRIFFAGTETATKWSGYMEGAVEAGERAAREVLNGLGKVTEKDIWVQEPESKDVPAVEITHTFWERNLPSVSGLLKIIGFSTSVTALGFVLYKYKLLPRS,527
P27338,Monoamine oxidase B,MSNKCDVVVVGGGISGMAAAKLLHDSGLNVVVLEARDRVGGRTYTLRNQKVKYVDLGGSYVGPTQNRILRLAKELGLETYKVNEVERLIHHVKGKSYPFRGPFPPVWNPITYLDHNNFWRTMDDMGREIPSDAPWKAPLAEEWDNMTMKELLDKLCWTESAKQLATLFVNLCVTAETHEVSALWFLWYVKQCGGTTRIISTTNGGQERKFVGGSGQVSERIMDLLGDRVKLERPVIYIDQTRENVLVETLNHEMYEAKYVISAIPPTLGMKIHFNPPLPMMRNQMITRVPLGSVIKCIVYYKEPFWRKKDYCGTMIIDGEEAPVAYTLDDTKPEGNYAAIMGFILAHKARKLARLTKEERLKKLCELYAKVLGSLEALEPVHYEEKNWCEEQYSGGCYTTYFPPGILTQYGRVLRQPVDRIYFAGTETATHWSGYMEGAVEAGERAAREILHAMGKIPEDEIWQSEPESVDVPAQPITTTFLERHLPSVPGLLRLIGLTTIFSATALGFLAHKRGLLVRV,520
P00352,ALDH1A1,MSSSGTPDLPVLLTDLKIQYTKIFINNEWHDSVSGKKFPVFNPATEEELCQVEEGDKEDVDKAVKAARQAFQIGSPWRTMDASERGRLLYKLADLIERDRLLLATMESMNGGKLYSNAYLNDLAGCIKTLRYCAGWADKIQGRTIPIDGNFFTYTRHEPIGVCGQIIPWNFPLVMLIWKIGPALSCGNTVVVKPAEQTPLTALHVASLIKEAGFPPGVVNIVPGYGPTAGAAISSHMDIDKVAFTGSTEVGKLIKEAAGKSNLKRVTLELGGKSPCIVLADADLDNAVEFAHHGVFYHQGQCCIAASRIFVEESIYDEFVRRSVERAKKYILGNPLTPGVTQGPQIDKEQYDKILDLIESGKKEGAKLECGGGPWGNKGYFVQPTVFSNVTDEMRIAKEEIFGPVQQIMKFKSLDDVIKRANNTFYGLSAGVFTKDIDKAITISSALQAGTVWVNCYGVVSAQCPFGGFKMSGNGRELGEYGFHEYTEVKTVTVKISQKNS,501
P07327,Alcohol dehydrogenase 1A,MSTAGKVIKCKAAVLWELKKPFSIEEVEVAPPKAHEVRIKMVAVGICGTDDHVVSGTMVTPLPVILGHEAAGIVESVGEGVTTVKPGDKVIPLAIPQCGKCRICKNPESNYCLKNDVSNPQGTLQDGTSRFTCRRKPIHHFLGISTFSQYTVVDENAVAKIDAASPLEKVCLIGCGFSTGYGSAVNVAKVTPGSTCAVFGLGGVGLSAIMGCKAAGAARIIAVDINKDKFAKAKELGATECINPQDYKKPIQEVLKEMTDGGVDFSFEVIGRLDTMMASLLCCHEACGTSVIVGVPPDSQNLSMNPMLLLTGRTWKGAILGGFKSKECVPKLVADFMAKKFSLDALITHVLPFEKINEGFDLLHSGKSIRTILMF,375
P28845,HSD11B1,MAFMKKYLLPILGLFMAYYYYSANEEFRPEMLQGKKVIVTGASKGIGREMAYHLAKMGAHVVVTARSKETLQKVVSHCLELGAASAHYIAGTMEDMTFAEQFVAQAGKLMGGLDMLILNHITNTSLNLFHDDIHHVRKSMEVNFLSYVVLTVAALPMLKQSNGSIVVVSSLAGKVAYPMVAAYSASKFALDGFFSSIRKEYSVSRVNVSITLCVLGLIDTETAMKAVSGIVHMQAAPKEECALEIIKGGALRQEEVYYDSSLWTTLLIRNPCRKILEFLYSTSYNMDRFINK,292
O95154,Aldehyde reductase,MSRQLSRARPATVLGAMEMGRRMDAPTSAAVTRAFLERGHTEIDTAFVYSEGQSETILGGLGLRLGGSDCRVKIDTKAIPLFGNSLKPDSLRFQLETSLKRLQCPRVDLFYLHMPDHSTPVEETLRACHQLHQEGKFVELGLSNYAAWEVAEICTLCKSNGWILPTVYQGMYNAITRQVETELFPCLRHFGLRFYAFNPLAGGLLTGKYKYEDKNGKQPVGRFFGNTWAEMYRNRYWKEHHFEGIALVEKALQAAYGASAPSMTSATLRWMYHHSQLQGAHGDAVILGMSSLEQLEQNLAAAEEGPLEPAVVDAFNQAWHLVTHECPNYFR,331
Q01740,FMO1,MAKRVAIVGAGVSGLASIKCCLEEGLEPTCFERSDDLGGLWRFTEHVEEGRASLYKSVVSNSCKEMSCYSDFPFPEDYPNYVPNSQFLEYLKMYANHFDLLKHIQFKTKVCSVTKCSDSAVSGQWEVVTMHEEKQESAIFDAVMVCTGFLTNPYLPLDSFPGINAFKGQYFHSRQYKHPDIFKDKRVLVIGMGNSGTDIAVEASHLAEKVFLSTTGGGWVISRIFDSGYPWDMVFMTRFQNMLRNSLPTPIVTWLMERKINNWLNHANYGLIPEDRTQLKEFVLNDELPGRIITGKVFIRPSIKEVKENSVIFNNTSKEEPIDIIVFATGYTFAFPFLDESVVKVEDGQASLYKYIFPAHLQKPTLAIIGLIKPLGSMIPTGETQARWAVRVLKGVNKLPPPSVMIEEINARKENKPSWFGLCYCKALQSDYITYIDELLTYINAKPNLFSMLLTDPHLALTVFFGPCSPYQFRLTGPGKWEGARNAIMTQWDRTFKVIKARVVQESPSPFESFLKVFSFLALLVAIFLIFL,532
P35869,AHR,MNSSSANITYASRKRRKPVQKTVKPIPAEGIKSNPSKRHRDRLNTELDRLASLLPFPQDVINKLDKLSVLRLSVSYLRAKSFFDVALKSSPTERNGGQDNCRAANFREGLNLQEGEFLLQALNGFVLVVTTDALVFYASSTIQDYLGFQQSDVIHQSVYELIHTEDRAEFQRQLHWALNPSQCTESGQGIEEATGLPQTVVCYNPDQIPPENSPLMERCFICRLRCLLDNSSGFLAMNFQGKLKYLHGQKKKGKDGSILPPQLALFAIATPLQPPSILEIRTKNFIFRTKHKLDFTPIGCDAKGRIVLGYTEAELCTRGSGYQFIHAADMLYCAESHIRMIKTGESGMIVFRLLTKNNRWTWVQSNARLLYKNGRPDYIIVTQRPLTDEEGTEHLRKRNTKLPFMFTTGEAVLYEATNPFPAIMDPLPLRTKNGTSGKDSATTSTLSKDSLNPSSLLAAMMQQDESIYLYPASSTSSTAPFENNFFNESMNECRNWQDNTAPMGNDTILKHEQIDQPQDVNSFAGGHPGLFQDSKNSDLYSIMKNLGIDFEDIRHMQNEKFFRNDFSGEVDFRDIDLTDEILTYVQDSLSKSPFIPSDYQQQQSLALNSSCMVQEHLHLEQQQQHHQKQVVVEPQQQLCQKMKHMQVNGMFENWNSNQFVPFNCPQQDPQQYNVFTDLHGISQEFPYKSEMDSMPYTQNFISCNQPVLPQHSKCTELDYPMGSFEPSPYPTTSSLEDFVTCLQLPENQKHGLNPQSAIITPQTCYAGAVSMYQCQPEPQHTHVGQMQYNPVLPGQQAFLNKFQNGVLNETYPAELNNINNTQTTTHLQPLHHPSEARPFPDLTSSGFL,848
Q14994,CAR,MASREDELRNCVVCGDQATGYHFNALTCEGCKGFFRRTVSKSIGPTCPFAGSCEVSKTQRRHCPACRLQKCLDAGMRKDMILSAEALALRRAKQAQRRAQQTPVQLSKEQEELIRTLLGAHTRHMGTMFEQFVQFRPPAHLFIHHQPLPTLAPVLPLVTHFADINTFMVLQVIKFTKDLPVFRSLPIEDQISLLKGAAVEICHIVLNTTFCLQTQNFLCGPLRYTIEDGARVSPTVGFQVEFLELLFHFHGTLRKLQLQEPEYVLLAAMALFSPDRPGVTQRDEIDQLQEEMALTLQSYIKGQQRRPRDRFLYAKLLGLLAELRSINEAYGYQIQHIQGLSAMMPLLQEICS,352
O75469,PXR,MEVRPKESWNHADFVHCEDTESVPGKPSVNADEEVGGPQICRVCGDKATGYHFNVMTCEGCKGFFRRAMKRNARLRCPFRKGACEITRKTRRQCQACRLRKCLESGMKKEMIMSDEAVEERRALIKRKKSERTGTQPLGVQGLTEEQRMMIRELMDAQMKTFDTTFSHFKNFRLPGVLSSGCELPESLQAPSREEAAKWSQVRKDLCSLKVSLQLRGEDGSVWNYKPPADSGGKEIFSLLPHMADMSTYMFKGIISFAKVISYFRDLPIEDQISLLKGAAFELCQLRFNTVFNAETGTWECGRLSYCLEDTAGGFQQLLLEPMLKFHYMLKKLQLHEEEYVLMQAISLFSPDRPGVLQHRVVDQLQEQFAITLKSYIECNRPQPAHRFLFLKIMAMLTELRSINAQHTQRLLRIQDIHPFATPLMQELFGITGS,434
P50225,SULT1A1,MELIQDTSRPPLEYVKGVPLIKYFAEALGPLQSFQARPDDLLISTYPKSGTTWVSQILDMIYQGGDLEKCHRAPIFMRVPFLEFKAPGIPSGMETLKDTPAPRLLKTHLPLALLPQTLLDQKVKVVYVARNAKDVAVSYYHFYHMAKVHPEPGTWDSFLEKFMVGEVSYGSWYQHVQEWWELSRTHPVLYLFYEDMKENPKREIQKILEFVGRSLPEETVDFVVQHTSFKEMKKNPMTNYTTVPQEFMDHSISPFMRKGMAGDWKTTFTVAQNERFDADYAEKMAGCSLSFRSEL,295
P08263,GSTA1,MAEKPKLHYFNARGRMESTRWLLAAAGVEFEEKFIKSAEDLDKLRNDGYLMFQQVPMVEIDGMKLVQTRAILNYIASKYNLYGKDIKERALIDMYIEGIADLGEMILLLPVCPPEEKDAKLALIKEKIKNRYFPAFEKVLKSHGQDYLVGNKLSRADIHLVELLYYVEELDSSLISSFPLLKALKTRISNLPTVKKFLQPGSPRKPPMDEKSLEEARKIFRF,222
Q15070,HSA,MAMGLMCGRRELLRLLQSGRRVHSVAGPSQWLGKPLTTRLLFPAAPCCCRPHYLFLAASGPRSLSTSAISFAEVQVQAPPVVAATPSPTAVPEVASGETADVVQTAAEQSFAELGLGSYTPVGLIQNLLEFMHVDLGLPWWGAIAACTVFARCLIFPLIVTGQREAARIHNHLPEIQKFSSRIREAKLAGDHIEYYKASSEMALYQKKHGIKLYKPLILPVTQAPIFISFFIALREMANLPVPSLQTGGLWWFQDLTVSDPIYILPLAVTATMWAVLELGAETGVQSSDLQWMRNVIRMMPLITLPITMHFPTAVFMYWLSSNLFSLVQVSCLRIPAVRTVLKIPQRVVHDLDKLPPREGFLESFKKGWKNAEMTRQLREREQRMRNQLELAARGPLRQTFTHNPLLQPGKDNPPNIPSSSSKPKSKYPWHDTLG,435
P02763,Alpha1-acid glycoprotein,MALSWVLTVLSLLPLLEAQIPLCANLVPVPITNATLDRITGKWFYIASAFRNEEYNKSVQEIQATFFYFTPNKTEDTIFLREYQTRQDQCIYNTTYLNVQRENGTISRYVGGQEHFAHLLILRDTKTYMLAFDVNDEKNWGLSVYADKPETTKEQLGEFYEALDCLRIPKSDVVYTDWKKDKCEPLEKQHEKERKQEEGES,201
Q12809,HERG (Kv11.1),MPVRRGHVAPQNTFLDTIIRKFEGQSRKFIIANARVENCAVIYCNDGFCELCGYSRAEVMQRPCTCDFLHGPRTQRRAAAQIAQALLGAEERKVEIAFYRKDGSCFLCLVDVVPVKNEDGAVIMFILNFEVVMEKDMVGSPAHDTNHRGPPTSWLAPGRAKTFRLKLPALLALTARESSVRSGGAGGAGAPGAVVVDVDLTPAAPSSESLALDEVTAMDNHVAGLGPAEERRALVGPGSPPRSAPGQLPSPRAHSLNPDASGSSCSLARTRSRESCASVRRASSADDIEAMRAGVLPPPPRHASTGAMHPLRSGLLNSTSDSDLVRYRTISKIPQITLNFVDLKGDPFLASPTSDREIIAPKIKERTHNVTEKVTQVLSLGADVLPEYKLQAPRIHRWTILHYSPFKAVWDWLILLLVIYTAVFTPYSAAFLLKETEEGPPATECGYACQPLAVVDLIVDIMFIVDILINFRTTYVNANEEVVSHPGRIAVHYFKGWFLIDMVAAIPFDLLIFGSGSEELIGLLKTARLLRLVRVARKLDRYSEYGAAVLFLLMCTFALIAHWLACIWYAIGNMEQPHMDSRIGWLHNLGDQIGKPYNSSGLGGPSIKDKYVTALYFTFSSLTSVGFGNVSPNTNSEKIFSICVMLIGSLMYASIFGNVSAIIQRLYSGTARYHTQMLRVREFIRFHQIPNPLRQRLEEYFQHAWSYTNGIDMNAVLKGFPECLQADICLHLNRSLLQHCKPFRGATKGCLRALAMKFKTTHAPPGDTLVHAGDLLTALYFISRGSIEILRGDVVVAILGKNDIFGEPLNLYARPGKSNGDVRALTYCDLHKIHRDDLLEVLDMYPEFSDHFWSSLEITFNLRDTNMIPGSPGSTELEGGFSRQRKRKLSFRRRTDKDTEQPGEVSALGPGRAGAGPSSRGRPGGPWGESPSSGPSSPESSEDEGPGRSSSPLRLVPFSSPRPPGEPPGGEPLMEDCEKSSDTCNPLSGAFSGVSNIFSFWGDSRGRQYQELPRCPAPTPSLLNIPLSSPGRRPRGDVESRLDALQRQLNRLETRLSADMATVLQLLQRQMTLVPPAYSAVTTPGPGPTSTSPLLPVSPLPTLTLDSLSQVSQFMACEELPPGAPELPQEGPTRRLSLPGQLGALTSQPLHRHGSDPGS,1159
Q14524,NaV1.5,MANFLLPRGTSSFRRFTRESLAAIEKRMAEKQARGSTTLQESREGLPEEEAPRPQLDLQASKKLPDLYGNPPQELIGEPLEDLDPFYSTQKTFIVLNKGKTIFRFSATNALYVLSPFHPIRRAAVKILVHSLFNMLIMCTILTNCVFMAQHDPPPWTKYVEYTFTAIYTFESLVKILARGFCLHAFTFLRDPWNWLDFSVIIMAYTTEFVDLGNVSALRTFRVLRALKTISVISGLKTIVGALIQSVKKLADVMVLTVFCLSVFALIGLQLFMGNLRHKCVRNFTALNGTNGSVEADGLVWESLDLYLSDPENYLLKNGTSDVLLCGNSSDAGTCPEGYRCLKAGENPDHGYTSFDSFAWAFLALFRLMTQDCWERLYQQTLRSAGKIYMIFFMLVIFLGSFYLVNLILAVVAMAYEEQNQATIAETEEKEKRFQEAMEMLKKEHEALTIRGVDTVSRSSLEMSPLAPVNSHERRSKRRKRMSSGTEECGEDRLPKSDSEDGPRAMNHLSLTRGLSRTSMKPRSSRGSIFTFRRRDLGSEADFADDENSTAGESESHHTSLLVPWPLRRTSAQGQPSPGTSAPGHALHGKKNSTVDCNGVVSLLGAGDPEATSPGSHLLRPVMLEHPPDTTTPSEEPGGPQMLTSQAPCVDGFEEPGARQRALSAVSVLTSALEELEESRHKCPPCWNRLAQRYLIWECCPLWMSIKQGVKLVVMDPFTDLTITMCIVLNTLFMALEHYNMTSEFEEMLQVGNLVFTGIFTAEMTFKIIALDPYYYFQQGWNIFDSIIVILSLMELGLSRMSNLSVLRSFRLLRVFKLAKSWPTLNTLIKIIGNSVGALGNLTLVLAIIVFIFAVVGMQLFGKNYSELRDSDSGLLPRWHMMDFFHAFLIIFRILCGEWIETMWDCMEVSGQSLCLLVFLLVMVIGNLVVLNLFLALLLSSFSADNLTAPDEDREMNNLQLALARIQRGLRFVKRTTWDFCCGLLRQRPQKPAALAAQGQLPSCIATPYSPPPPETEKVPPTRKETRFEEGEQPGQGTPGDPEPVCVPIAVAESDTDDQEEDEENSLGTEEESSKQQESQPVSGGPEAPPDSRTWSQVSATASSEAEASASQADWRQQWKAEPQAPGCGETPEDSCSEGSTADMTNTAELLEQIPDLGQDVKDPEDCFTEGCVRRCPCCAVDTTQAPGKVWWRLRKTCYHIVEHSWFETFIIFMILLSSGALAFEDIYLEERKTIKVLLEYADKMFTYVFVLEMLLKWVAYGFKKYFTNAWCWLDFLIVDVSLVSLVANTLGFAEMGPIKSLRTLRALRPLRALSRFEGMRVVVNALVGAIPSIMNVLLVCLIFWLIFSIMGVNLFAGKFGRCINQTEGDLPLNYTIVNNKSQCESLNLTGELYWTKVKVNFDNVGAGYLALLQVATFKGWMDIMYAAVDSRGYEEQPQWEYNLYMYIYFVIFIIFGSFFTLNLFIGVIIDNFNQQKKKLGGQDIFMTEEQKKYYNAMKKLGSKKPQKPIPRPLNKYQGFIFDIVTKQAFDVTIMFLICLNMVTMMVETDDQSPEKINILAKINLLFVAIFTGECIVKLAALRHYYFTNSWNIFDFVVVILSIVGTVLSDIIQKYFFSPTLFRVIRLARIGRILRLIRGAKGIRTLLFALMMSLPALFNIGLLLFLVMFIYSIFGMANFAYVKWEAGIDDMFNFQTFANSMLCLFQITTSAGWDGLLSPILNTGPPYCDPTLPNSNGSRGDCGSPAVGILFFTTYIIISFLIVVNMYIAIILENFSVATEESTEPLSEDDFDMFYEIWEKFDPEATQFIEYSVLSDFADALSEPLRIAKPNQISLINMDLPMVSGDRIHCMDILFAFTKRVLGESGEMDALKIQMEEKFMAANPSKISYEPITTTLRRKHEEVSAMVIQRAFRRHLLQRSLKHASFLFRQQAGSGLSEEDAPEREGLIAYVMSENFSRPLGPPSSSSISSTSFPPSYDSVTRATSDNLQVRGSDYSHSEDLADFPPSPDRDRESIV,2016
Q02641,Calcium L-channel,MVQKTSMSRGPYPPSQEIPMEVFDPSPQGKYSKRKGRFKRSDGSTSSDTTSNSFVRQGSAESYTSRPSDSDVSLEEDREALRKEAERQALAQLEKAKTKPVAFAVRTNVGYNPSPGDEVPVQGVAITFEPKDFLHIKEKYNNDWWIGRLVKEGCEVGFIPSPVKLDSLRLLQEQKLRQNRLGSSKSGDNSSSSLGDVVTGTRRPTPPASAKQKQKSTEHVPPYDVVPSMRPIILVGPSLKGYEVTDMMQKALFDFLKHRFDGRISITRVTADISLAKRSVLNNPSKHIIIERSNTRSSLAEVQSEIERIFELARTLQLVALDADTINHPAQLSKTSLAPIIVYIKITSPKVLQRLIKSRGKSQSKHLNVQIAASEKLAQCPPEMFDIILDENQLEDACEHLAEYLEAYWKATHPPSSTPPNPLLNRTMATAALAASPAPVSNLQGPYLASGDQPLERATGEHASMHEYPGELGQPPGLYPSSHPPGRAGTLRALSRQDTFDADTPGSRNSAYTELGDSCVDMETDPSEGPGLGDPAGGGTPPARQGSWEDEEEDYEEELTDNRNRGRNKARYCAEGGGPVLGRNKNELEGWGRGVYIR,598
Q03135,CaV 1.2,MSGGKYVDSEGHLYTVPIREQGNIYKPNNKAMADELSEKQVYDAHTKEIDLVNRDPKHLNDDVVKIDFEDVIAEPEGTHSFDGIWKASFTTFTVTKYWFYRLLSALFGIPMALIWGIYFAILSFLHIWAVVPCIKSFLIEIQCISRVYSIYVHTVCDPLFEAVGKIFSNVRINLQKEI,178
P41595,HTR2B,MALSYRVSELQSTIPEHILQSTFVHVISSNWSGLQTESIPEEMKQIVEEQGNKLHWAALLILMVIIPTIGGNTLVILAVSLEKKLQYATNYFLMSLAVADLLVGLFVMPIALLTIMFEAMWPLPLVLCPAWLFLDVLFSTASIMHLCAISVDRYIAIKKPIQANQYNSRATAFIKITVVWLISIGIAIPVPIKGIETDVDNPNNITCVLTKERFGDFMLFGSLAAFFTPLAIMIVTYFLTIHALQKKAYLVKNKPPQRLTWLTVSTVFQRDETPCSSPEKVAMLDGSRKDKALPNSGDETLMRRTSTIGKKSVQTISNEQRASKVLGIVFFLFLLMWCPFFITNITLVLCDSCNQTTLQMLLEIFVWIGYVSSGVNPLVYTLFNKTFRDAFGRYITCNYRATKSVKTLRKRSSKIYFRNPMAENSKFFKKHGIRNGINPAMYQSPMRLRSSTIQSSSIILLDTLLLTENEGDKTEEQVSYV,481
P31645,SERT,METTPLNSQKQLSACEDGEDCQENGVLQKVVPTPGDKVESGQISNGYSAVPSPGAGDDTRHSIPATTTTLVAELHQGERETWGKKVDFLLSVIGYAVDLGNVWRFPYICYQNGGGAFLLPYTIMAIFGGIPLFYMELALGQYHRNGCISIWRKICPIFKGIGYAICIIAFYIASYYNTIMAWALYYLISSFTDQLPWTSCKNSWNTGNCTNYFSEDNITWTLHSTSPAEEFYTRHVLQIHRSKGLQDLGGISWQLALCIMLIFTVIYFSIWKGVKTSGKVVWVTATFPYIILSVLLVRGATLPGAWRGVLFYLKPNWQKLLETGVWIDAAAQIFFSLGPGFGVLLAFASYNKFNNNCYQDALVTSVVNCMTSFVSGFVIFTVLGYMAEMRNEDVSEVAKDAGPSLLFITYAEAIANMPASTFFAIIFFLMLITLGLDSTFAGLEGVITAVLDEFPHVWAKRRERFVLAVVITCFFGSLVTLTFGGAYVVKLLEEYATGPAVLTVALIEAVAVSWFYGITQFCRDVKEMLGFSPGWFWRICWVAISPLFLLFIICSFLMSPPQLRLFQYNYPYWSIILGYCIGTSSFICIPTYIAYRLIITPGTFKERIIKSITPETPTEIPCGDIRLNAV,630
Q9BTC0,DAT1,MDDKGDPSNEEAPKAIKPTSKEFRKTWGFRRTTIAKREGAGDAEADPLEPPPPQQQLGLSLRRSGRQPKRTERVEQFLTIARRRGRRSMPVSLEDSGEPTSCPATDAETASEGSVESASETRSGPQSASTAVKERPASSEKVKGGDDHDDTSDSDSDGLTLKELQNRLRRKREQEPTERPLKGIQSRLRKKRREEGPAETVGSEASDTVEGVLPSKQEPENDQGVVSQAGKDDRESKLEGKAAQDIKDEEPGDLGRPKPECEGYDPNALYCICRQPHNNRFMICCDRCEEWFHGDCVGISEARGRLLERNGEDYICPNCTILQVQDETHSETADQQEAKWRPGDADGTDCTSIGTIEQKSSEDQGIKGRIEKAANPSGKKKLKIFQPVIEAPGASKCIGPGCCHVAQPDSVYCSNDCILKHAAATMKFLSSGKEQKPKPKEKMKMKPEKPSLPKCGAQAGIKISSVHKRPAPEKKETTVKKAVVVPARSEALGKEAACESSTPSWASDHNYNAVKPEKTAAPSPSLLYKSTKEDRRSEEKAAAMAASKKTAPPGSAVGKQPAPRNLVPKKSSFANVAAATPAIKKPPSGFKGTIPKRPWLSATPSSGASAARQAGPAPAAATAASKKFPGSAALVGAVRKPVVPSVPMASPAPGRLGAMSAAPSQPNSQIRQNIRRSLKEILWKRVNDSDDLIMTENEVGKIALHIEKEMFNLFQVTDNRYKSKYRSIMFNLKDPKNQGLFHRVLREEISLAKLVRLKPEELVSKELSTWKERPARSVMESRTKLHNESKKTAPRQEAIPDLEDSPPVSDSEEQQESARAVPEKSTAPLLDVFSSMLKDTTSQHRAHLFDLNCKICTGQVPSAEDEPAPKKQKLSASVKKEDLKSKHDSSAPDPAPDSADEVMPEAVPEVASEPGLESASHPNVDRTYFPGPPGDGHPEPSPLEDLSPCPASCGSGVVTTVTVSGRDPRTAPSSSCTAVASAASRPDSTHMVEARQDVPKPVLTSVMVPKSILAKPSSSPDPRYLSVPPSPNISTSESRSPPEGDTTLFLSRLSTIWKGFINMQSVAKFVTKAYPVSGCFDYLSEDLPDTIHIGGRIAPKTVWDYVGKLKSSVSKELCLIRFHPATEEEEVAYISLYSYFSSRGRFGVVANNNRHVKDLYLIPLSAQDPVPSKLLPFEGPGLESPRPNIILGLVICQKIKRPANSGELDKMDEKRTRLQPEEADVPAYPKVATVPQSEKKPSKYPLCSADAAVSTTPPGSPPPPPPLPEPPVLKVLSSLKPAAPSPATAATTAAAASTAASSTASSASKTASPLEHILQTLFGKKKSFDPSAREPPGSTAGLPQEPKTTAEDGVPAPPLLDPIVQQFGQFSKDKALEEEEDDRPYDPEEEYDPERAFDTQLVERGRRHEVERAPEAAAAEREEVAYDPEDETILEEAKVTVDDLPNRMCADVRRNSVERPAEPVAGAATPSLVEQQKMLEELNKQIEEQKRQLEEQEEALRQQRAAVGVSMAHFSVSDALMSPPPKSSLPKAELFQQEQQSADKPASLPPASQASNHRDPRQARRLATETGEGEGEPLSRLSARGAQGALPERDASRGGLVGQAPMPVPEEKEPASSPWASGEKPPAGSEQDGWKAEPGEGTRPATVGDSSARPARRVLLPTPPCGALQPGFPLQHDGERDPFTCPGFASQDKALGSAQYEDPRNLHSAGRSSSPAGETEGDREPQARPGEGTAPLPPPGQKVGGSQPPFQGQREPGPHALGMSGLHGPNFPGPRGPAPPFPEENIASNDGPRGPPPARFGAQKGPIPSLFSGQHGPPPYGDSRGPSPSYLGGPRGVAPSQFEERKDPHGEKREFQDAPYNEVTGAPAQFEGTEQAPFLGSRGGAPFQFGGQRRPLLSQLKGPRGGPPPSQFGGQRGPPPGHFVGPRGPHPSQFETARGPHPNQFEGPRGQAPNFMPGPRGIQPQQFEDQRVHSPPRFTNQRAPAPLQFGGLRGSAPFSEKNEQTPSRFHFQGQAPQVMKPGPRPLLELPSHPPQHRKDRWEEAGPPSALSSSAPGQGPEADGQWASADFREGKGHEYRNQTFEGRQRERFDVGPKEKPLEEPDAQGRASEDRRRERERGRNWSRERDWDRPREWDRHRDKDSSRDWDRNRERSANRDREREADRGKEWDRSRERSRNRERERDRRRDRDRSRSRERDRDKARDRERGRDRKDRSKSKESARDPKPEASRASDAGTASQA,2240
Q01959,SLC6A3,MSKSKCSVGLMSSVVAPAKEPNAVGPKEVELILVKEQNGVQLTSSTLTNPRQSPVEAQDRETWGKKIDFLLSVIGFAVDLANVWRFPYLCYKNGGGAFLVPYLLFMVIAGMPLFYMELALGQFNREGAAGVWKICPILKGVGFTVILISLYVGFFYNVIIAWALHYLFSSFTTELPWIHCNNSWNSPNCSDAHPGDSSGDSSGLNDTFGTTPAAEYFERGVLHLHQSHGIDDLGPPRWQLTACLVLVIVLLYFSLWKGVKTSGKVVWITATMPYVVLTALLLRGVTLPGAIDGIRAYLSVDFYRLCEASVWIDAATQVCFSLGVGFGVLIAFSSYNKFTNNCYRDAIVTTSINSLTSFSSGFVVFSFLGYMAQKHSVPIGDVAKDGPGLIFIIYPEAIATLPLSSAWAVVFFIMLLTLGIDSAMGGMESVITGLIDEFQLLHRHRELFTLFIVLATFLLSLFCVTNGGIYVFTLLDHFAAGTSILFGVLIEAIGVAWFYGVGQFSDDIQQMTGQRPSLYWRLCWKLVSPCFLLFVVVVSIVTFRPPHYGAYIFPDWANALGWVIATSSMAMVPIYAAYKFCSLPGSFREKLAYAIAPEKDRELVDRGEVRQFTLRHWLKV,620
P23975,NET noradrenaline transporter,MLLARMNPQVQPENNGADTGPEQPLRARKTAELLVVKERNGVQCLLAPRDGDAQPRETWGKKIDFLLSVVGFAVDLANVWRFPYLCYKNGGGAFLIPYTLFLIIAGMPLFYMELALGQYNREGAATVWKICPFFKGVGYAVILIALYVGFYYNVIIAWSLYYLFSSFTLNLPWTDCGHTWNSPNCTDPKLLNGSVLGNHTKYSKYKFTPAAEFYERGVLHLHESSGIHDIGLPQWQLLLCLMVVVIVLYFSLWKGVKTSGKVVWITATLPYFVLFVLLVHGVTLPGASNGINAYLHIDFYRLKEATVWIDAATQIFFSLGAGFGVLIAFASYNKFDNNCYRDALLTSSINCITSFVSGFAIFSILGYMAHEHKVNIEDVATEGAGLVFILYPEAISTLSGSTFWAVVFFVMLLALGLDSSMGGMEAVITGLADDFQVLKRHRKLFTFGVTFSTFLLALFCITKGGIYVLTLLDTFAAGTSILFAVLMEAIGVSWFYGVDRFSNDIQQMMGFRPGLYWRLCWKFVSPAFLLFVVVVSIINFKPLTYDDYIFPPWANWVGWGIALSSMVLVPIYVIYKFLSTQGSLWERLAYGITPENEHHLVAQRDIRQFQLQHWLAI,617
Q9UHE5,NAT,MAPCHIRKYQESDRQWVVGLLSRGMAEHAPATFRQLLKLPRTLILLLGGPLALLLVSGSWLLALVFSISLFPALWFLAKKPWTEYVDMTLCTDMSDITKSYLSERGSCFWVAESEEKVVGMVGALPVDDPTLREKRLQLFHLFVDSEHRRQGIAKALVRTVLQFARDQGYSEVILDTGTIQLSAMALYQSMGFKKTGQSFFCVWARLVALHTVHFIYHLPSSKVGSL,227
P35348,Adrenergic receptor A1,MVFLSGNASDSSNCTQPPAPVNISKAILLGVILGGLILFGVLGNILVILSVACHRHLHSVTHYYIVNLAVADLLLTSTVLPFSAIFEVLGYWAFGRVFCNIWAAVDVLCCTASIMGLCIISIDRYIGVSYPLRYPTIVTQRRGLMALLCVWALSLVISIGPLFGWRQPAPEDETICQINEEPGYVLFSALGSFYLPLAIILVMYCRVYVVAKRESRGLKSGLKTDKSDSEQVTLRIHRKNAPAGGSGMASAKTKTHFSVRLLKFSREKKAAKTLGIVVGCFVLCWLPFFLVMPIGSFFPDFKPSETVFKIVFWLGYLNSCINPIIYPCSSQEFKKAFQNVLRIQCLCRKQSSKHALGYTLHPPSQAVEGQHKDMVRIPVGSRETFYRISKTDGVCEWKFFSSMPRGSARITVSKDQSSCTTARVRSKSFLQVCCCVGPSTPSLDKNHQVPTIKVHTISLSENGEEV,466
P08913,Adrenergic receptor A2,MFRQEQPLAEGSFAPMGSLQPDAGNASWNGTEAPGGGARATPYSLQVTLTLVCLAGLLMLLTVFGNVLVIIAVFTSRALKAPQNLFLVSLASADILVATLVIPFSLANEVMGYWYFGKAWCEIYLALDVLFCTSSIVHLCAISLDRYWSITQAIEYNLKRTPRRIKAIIITVWVISAVISFPPLISIEKKGGGGGPQPAEPRCEINDQKWYVISSCIGSFFAPCLIMILVYVRIYQIAKRRTRVPPSRRGPDAVAAPPGGTERRPNGLGPERSAGPGGAEAEPLPTQLNGAPGEPAPAGPRDTDALDLEESSSSDHAERPPGPRRPERGPRGKGKARASQVKPGDSLPRRGPGATGIGTPAAGPGEERVGAAKASRWRGRQNREKRFTFVLAVVIGVFVVCWFPFFFTYTLTAVGCSVPRTLFKFFFWFGYCNSSLNPVIYTIFNHDFRRAFKKILCRGDRKRIV,465
P08588,Adrenergic receptor B1,MGAGVLVLGASEPGNLSSAAPLPDGAATAARLLVPASPPASLLPPASESPEPLSQQWTAGMGLLMALIVLLIVAGNVLVIVAIAKTPRLQTLTNLFIMSLASADLVMGLLVVPFGATIVVWGRWEYGSFFCELWTSVDVLCVTASIETLCVIALDRYLAITSPFRYQSLLTRARARGLVCTVWAISALVSFLPILMHWWRAESDEARRCYNDPKCCDFVTNRAYAIASSVVSFYVPLCIMAFVYLRVFREAQKQVKKIDSCERRFLGGPARPPSPSPSPVPAPAPPPGPPRPAAAAATAPLANGRAGKRRPSRLVALREQKALKTLGIIMGVFTLCWLPFFLANVVKAFHRELVPDRLFVFFNWLGYANSAFNPIIYCRSPDFRKAFQGLLCCARRAARRRHATHGDRPRASGCLARPGPPPSPGAASDDDDDDVVGATPPARLLEPWAGCNGGAAADSDSSLDEPCRPGFASESKV,477
P07550,Adrenergic receptor B2,MGQPGNGSAFLLAPNGSHAPDHDVTQERDEVWVVGMGIVMSLIVLAIVFGNVLVITAIAKFERLQTVTNYFITSLACADLVMGLAVVPFGAAHILMKMWTFGNFWCEFWTSIDVLCVTASIETLCVIAVDRYFAITSPFKYQSLLTKNKARVIILMVWIVSGLTSFLPIQMHWYRATHQEAINCYANETCCDFFTNQAYAIASSIVSFYVPLVIMVFVYSRVFQEAKRQLQKIDKSEGRFHVQNLSQVEQDGRTGHGLRRSSKFCLKEHKALKTLGIIMGTFTLCWLPFFIVNIVHVIQDNLIRKEVYILLNWIGYVNSGFNPLIYCRSPDFRIAFQELLCLRRSSLKAYGNGYSSNGNTGEQSGYHVEQEKENKLLCEDLPGTEDFVGHQGTVPSDNIDSQGRNCSTNDSLL,413
Q96F85,Cannabinoid receptor CB1,MGDLPGLVRLSIALRIQPNDGPVFYKVDGQRFGQNRTIKLLTGSSYKVEVKIKPSTLQVENISIGGVLVPLELKSKEPDGDRVVYTGTYDTEGVTPTKSGERQPIQITMPFTDIGTFETVWQVKFYNYHKRDHCQWGSPFSVIEYECKPNETRSLMWVNKESFL,164
P34972,Cannabinoid receptor CB2,MEECWVTEIANGSKDGLDSNPMKDYMILSGPQKTAVAVLCTLLGLLSALENVAVLYLILSSHQLRRKPSYLFIGSLAGADFLASVVFACSFVNFHVFHGVDSKAVFLLKIGSVTMTFTASVGSLLLTAIDRYLCLRYPPSYKALLTRGRALVTLGIMWVLSALVSYLPLMGWTCCPRPCSELFPLIPNDYLLSWLLFIAFLFSGIIYTYGHVLWKAHQHVASLSGHQDRQVPGMARMRLDVRLAKTLGLVLAVLLICWFPVLALMAHSLATTLSDQVKKAFAFCSMLCLINSMVNPVIYALRSGEIRSSAHHCLAHWKKCVRGLGSEAKEEAPRSSVTETEADGKITPWPDSRDLDLSDC,360
P11229,Muscarinic receptor M1,MNTSAPPAVSPNITVLAPGKGPWQVAFIGITTGLLSLATVTGNLLVLISFKVNTELKTVNNYFLLSLACADLIIGTFSMNLYTTYLLMGHWALGTLACDLWLALDYVASNASVMNLLLISFDRYFSVTRPLSYRAKRTPRRAALMIGLAWLVSFVLWAPAILFWQYLVGERTVLAGQCYIQFLSQPIITFGTAMAAFYLPVTVMCTLYWRIYRETENRARELAALQGSETPGKGGGSSSSSERSQPGAEGSPETPPGRCCRCCRAPRLLQAYSWKEEEEEDEGSMESLTSSEGEEPGSEVVIKMPMVDPEAQAPTKQPPRSSPNTVKRPTKKGRDRAGKGQKPRGKEQLAKRKTFSLVKEKKAARTLSAILLAFILTWTPYNIMVLVSTFCKDCVPETLWELGYWLCYVNSTINPMCYALCNKAFRDTFRLLLLCRWDKRRWRKIPKRPGSVHRTPSRQC,460
P08172,Muscarinic receptor M2,MNNSTNSSNNSLALTSPYKTFEVVFIVLVAGSLSLVTIIGNILVMVSIKVNRHLQTVNNYFLFSLACADLIIGVFSMNLYTLYTVIGYWPLGPVVCDLWLALDYVVSNASVMNLLIISFDRYFCVTKPLTYPVKRTTKMAGMMIAAAWVLSFILWAPAILFWQFIVGVRTVEDGECYIQFFSNAAVTFGTAIAAFYLPVIIMTVLYWHISRASKSRIKKDKKEPVANQDPVSPSLVQGRIVKPNNNNMPSSDDGLEHNKIQNGKAPRDPVTENCVQGEEKESSNDSTSVSAVASNMRDDEITQDENTVSTSLGHSKDENSKQTCIRIGTKTPKSDSCTPTNTTVEVVGSSGQNGDEKQNIVARKIVKMTKQPAKKKPPPSREKKVTRTILAILLAFIITWAPYNVMVLINTFCAPCIPNTVWTIGYWLCYINSTINPACYALCNATFKKTFKHLLMCHYKNIGATR,466
P20309,Muscarinic receptor M3,MTLHNNSTTSPLFPNISSSWIHSPSDAGLPPGTVTHFGSYNVSRAAGNFSSPDGTTDDPLGGHTVWQVVFIAFLTGILALVTIIGNILVIVSFKVNKQLKTVNNYFLLSLACADLIIGVISMNLFTTYIIMNRWALGNLACDLWLAIDYVASNASVMNLLVISFDRYFSITRPLTYRAKRTTKRAGVMIGLAWVISFVLWAPAILFWQYFVGKRTVPPGECFIQFLSEPTITFGTAIAAFYMPVTIMTILYWRIYKETEKRTKELAGLQASGTEAETENFVHPTGSSRSCSSYELQQQSMKRSNRRKYGRCHFWFTTKSWKPSSEQMDQDHSSSDSWNNNDAAASLENSASSDEEDIGSETRAIYSIVLKLPGHSTILNSTKLPSSDNLQVPEEELGMVDLERKADKLQAQKSVDDGGSFPKSFSKLPIQLESAVDTAKTSDVNSSVGKSTATLPLSFKEATLAKRFALKTRSQITKRKRMSLVKEKKAAQTLSAILLAFIITWTPYNIMVLVNTFCDSCIPKTFWNLGYWLCYINSTVNPVCYALCNKTFRTTFKMLLLCQCDKKKRRKQQYQQRQSVIFHKRAPEQAL,590
Q9GZZ6,nicotinic nAChR,MGLRSHHLSLGLLLLFLLPAECLGAEGRLALKLFRDLFANYTSALRPVADTDQTLNVTLEVTLSQIIDMDERNQVLTLYLWIRQEWTDAYLRWDPNAYGGLDAIRIPSSLVWRPDIVLYNKADAQPPGSASTNVVLRHDGAVRWDAPAITRSSCRVDVAAFPFDAQHCGLTFGSWTHGGHQLDVRPRGAAASLADFVENVEWRVLGMPARRRVLTYGCCSEPYPDVTFTLLLRRRAAAYVCNLLLPCVLISLLAPLAFHLPADSGEKVSLGVTVLLALTVFQLLLAESMPPAESVPLIGKYYMATMTMVTFSTALTILIMNLHYCGPSVRPVPAWARALLLGHLARGLCVRERGEPCGQSRPPELSPSPQSPEGGAGPPAGPCHEPRCLCRQEALLHHVATIANTFRSHRAAQRCHEDWKRLARVMDRFFLAIFFSMALVMSLLVLVQAL,450
Q9UGM1,nicotinic nAChR,MNWSHSCISFCWIYFAASRLRAAETADGKYAQKLFNDLFEDYSNALRPVEDTDKVLNVTLQITLSQIKDMDERNQILTAYLWIRQIWHDAYLTWDRDQYDGLDSIRIPSDLVWRPDIVLYNKADDESSEPVNTNVVLRYDGLITWDAPAITKSSCVVDVTYFPFDNQQCNLTFGSWTYNGNQVDIFNALDSGDLSDFIEDVEWEVHGMPAVKNVISYGCCSEPYPDVTFTLLLKRRSSFYIVNLLIPCVLISFLAPLSFYLPAASGEKVSLGVTILLAMTVFQLMVAEIMPASENVPLIGKYYIATMALITASTALTIMVMNIHFCGAEARPVPHWARVVILKYMSRVLFVYDVGESCLSPHHSRERDHLTKVYSKLPESNLKAARNKDLSRKKDMNKRLKNDLGCQGKNPQEAESYCAQYKVLTRNIEYIAKCLKDHKATNSKGSEWKKVAKVIDRFFMWIFFIMVFVMTILIIARAD,479
P36544,nicotinic nAChR,MRCSPGGVWLALAASLLHVSLQGEFQRKLYKELVKNYNPLERPVANDSQPLTVYFSLSLLQIMDVDEKNQVLTTNIWLQMSWTDHYLQWNVSEYPGVKTVRFPDGQIWKPDILLYNSADERFDATFHTNVLVNSSGHCQYLPPGIFKSSCYIDVRWFPFDVQHCKLKFGSWSYGGWSLDLQMQEADISGYIPNGEWDLVGIPGKRSERFYECCKEPYPDVTFTVTMRRRTLYYGLNLLIPCVLISALALLVFLLPADSGEKISLGITVLLSLTVFMLLVAEIMPATSDSVPLIAQYFASTMIIVGLSVVVTVIVLQYHHHDPDGGKMPKWTRVILLNWCAWFLRMKRPGEDKVRPACQHKQRRCSLASVEMSAVAPPPASNGNLLYIGFRGLDGVHCVPTPDSGVVCGRMACSPTHDEHLLHGGQPPEGDPDLAKILEEVRYIANRFRCQDESEAVCSEWKFAACVVDRLCLMAFSVFTIICTIGILMSAPNFVEAVSKDFA,502
P32297,nicotinic nAChR,MGSGPLSLPLALSPPRLLLLLLLSLLPVARASEAEHRLFERLFEDYNEIIRPVANVSDPVIIHFEVSMSQLVKVDEVNQIMETNLWLKQIWNDYKLKWNPSDYGGAEFMRVPAQKIWKPDIVLYNNAVGDFQVDDKTKALLKYTGEVTWIPPAIFKSSCKIDVTYFPFDYQNCTMKFGSWSYDKAKIDLVLIGSSMNLKDYWESGEWAIIKAPGYKHDIKYNCCEEIYPDITYSLYIRRLPLFYTINLIIPCLLISFLTVLVFYLPSDCGEKVTLCISVLLSLTVFLLVITETIPSTSLVIPLIGEYLLFTMIFVTLSIVITVFVLNVHYRTPTTHTMPSWVKTVFLNLLPRVMFMTRPTSNEGNAQKPRPLYGAELSNLNCFSRAESKGCKEGYPCQDGMCGYCHHRRIKISNFSANLTRSSSSESVDAVLSLSALSPEIKEAIQSVKYIAENMKAQNEAKEIQDDWKYVAMVIDRIFLWVFTLVCILGTAGLFLQPLMAREDA,505
P30532,nicotinic nAChR,MAARGSGPRALRLLLLVQLVAGRCGLAGAAGGAQRGLSEPSSIAKHEDSLLKDLFQDYERWVRPVEHLNDKIKIKFGLAISQLVDVDEKNQLMTTNVWLKQEWIDVKLRWNPDDYGGIKVIRVPSDSVWTPDIVLFDNADGRFEGTSTKTVIRYNGTVTWTPPANYKSSCTIDVTFFPFDLQNCSMKFGSWTYDGSQVDIILEDQDVDKRDFFDNGEWEIVSATGSKGNRTDSCCWYPYVTYSFVIKRLPLFYTLFLIIPCIGLSFLTVLVFYLPSNEGEKICLCTSVLVSLTVFLLVIEEIIPSSSKVIPLIGEYLVFTMIFVTLSIMVTVFAINIHHRSSSTHNAMAPLVRKIFLHTLPKLLCMRSHVDRYFTQKEETESGSGPKSSRNTLEAALDSIRYITRHIMKENDVREVVEDWKFIAQVLDRMFLWTFLFVSIVGSLGLFVPVIYKWANILIPVHIGNANK,468
Q92484,Phosphodiesterase 3A,MALVRALVCCLLTAWHCRSGLGLPVAPAGGRNPPPAIGQFWHVTDLHLDPTYHITDDHTKVCASSKGANASNPGPFGDVLCDSPYQLILSAFDFIKNSGQEASFMIWTGDSPPHVPVPELSTDTVINVITNMTTTIQSLFPNLQVFPALGNHDYWPQDQLPVVTSKVYNAVANLWKPWLDEEAISTLRKGGFYSQKVTTNPNLRIISLNTNLYYGPNIMTLNKTDPANQFEWLESTLNNSQQNKEKVYIIAHVPVGYLPSSQNITAMREYYNEKLIDIFQKYSDVIAGQFYGHTHRDSIMVLSDKKGSPVNSLFVAPAVTPVKSVLEKQTNNPGIRLFQYDPRDYKLLDMLQYYLNLTEANLKGESIWKLEYILTQTYDIEDLQPESLYGLAKQFTILDSKQFIKYYNYFFVSYDSSVTCDKTCKAFQICAIMNLDNISYADCLKQLYIKHNY,453
Q06546,GABA alpha 1,MTKREAEELIEIEIDGTEKAECTEESIVEQTYAPAECVSQAIDINEPIGNLKKLLEPRLQCSLDAHEICLQDIQLDPERSLFDQGVKTDGTVQLSVQVISYQGIEPKLNILEIVKPADTVEVVIDPDAHHAESEAHLVEEAQVITLDGTKHITTISDETSEQVTRWAAALEGYRKEQERLGIPYDPIQWSTDQVLHWVVWVMKEFSMTDIDLTTLNISGRELCSLNQEDFFQRVPRGEILWSHLELLRKYVLASQEQQMNEIVTIDQPVQIIPASVQSATPTTIKVINSSAKAAKVQRAPRISGEDRSSPGNRTGNNGQIQLWQFLLELLTDKDARDCISWVGDEGEFKLNQPELVAQKWGQRKNKPTMNYEKLSRALRYYYDGDMICKVQGKRFVYKFVCDLKTLIGYSAAELNRLVTECEQKKLAKMQLHGIAQPVTAVALATASLQTEKDN,454
P35367,Histamine H1,MSLPNSSCLLEDKMCEGNKTTMASPQLMPLVVVLSTICLVTVGLNLLVLYAVRSERKLHTVGNLYIVSLSVADLIVGAVVMPMNILYLLMSKWSLGRPLCLFWLSMDYVASTASIFSVFILCIDRYRSVQQPLRYLKYRTKTRASATILGAWFLSFLWVIPILGWNHFMQQTSVRREDKCETDFYDVTWFKVMTAIINFYLPTLLMLWFYAKIYKAVRQHCQHRELINRSLPSFSEIKLRPENPKGDAKKPGKESPWEVLKRKPKDAGGGSVLKSPSQTPKEMKSPVVFSQEDDREVDKLYCFPLDIVHMQAAAEGSSRDYVAVNRSHGQLKTDEQGLNTHGASEISEDQMLGDSQSFSRTDSDTTTETAPGKGKLRSGSNTGLDYIKFTWKRLRSHSRQYVSGLHMNRERKAAKQLGFIMAAFILCWIPYFIFFMVIAFCKNCCNEHLHMFTIWLGYINSTLNPLIYPLCNENFKKTFKRILHIRS,487
Q9Y6L6,OATP1B1,MDQNQHLNKTAEAQPSENKKTRYCNGLKMFLAALSLSFIAKTLGAIIMKSSIIHIERRFEISSSLVGFIDGSFEIGNLLVIVFVSYFGSKLHRPKLIGIGCFIMGIGGVLTALPHFFMGYYRYSKETNINSSENSTSTLSTCLINQILSLNRASPEIVGKGCLKESGSYMWIYVFMGNMLRGIGETPIVPLGLSYIDDFAKEGHSSLYLGILNAIAMIGPIIGFTLGSLFSKMYVDIGYVDLSTIRITPTDSRWVGAWWLNFLVSGLFSIISSIPFFFLPQTPNKPQKERKASLSLHVLETNDEKDQTANLTNQGKNITKNVTGFFQSFKSILTNPLYVMFVLLTLLQVSSYIGAFTYVFKYVEQQYGQPSSKANILLGVITIPIFASGMFLGGYIIKKFKLNTVGIAKFSCFTAVMSLSFYLLYFFILCENKSVAGLTMTYDGNNPVTSHRDVPLSYCNSDCNCDESQWEPVCGNNGITYISPCLAGCKSSSGNKKPIVFYNCSCLEVTGLQNRNYSAHLGECPRDDACTRKFYFFVAIQVLNLFFSALGGTSHVMLIVKIVQPELKSLALGFHSMVIRALGGILAPIYFGALIDTTCIKWSTNNCGTRGSCRTYNSTSFSRVYLGLSSMLRVSSLVLYIILIYAMKKKYQEKDINASENGSVMDEANLESLNKNKHFVPSAGADSETHC,691
Q9NPD5,OATP1B3,MDQHQHLNKTAESASSEKKKTRRCNGFKMFLAALSFSYIAKALGGIIMKISITQIERRFDISSSLAGLIDGSFEIGNLLVIVFVSYFGSKLHRPKLIGIGCLLMGTGSILTSLPHFFMGYYRYSKETHINPSENSTSSLSTCLINQTLSFNGTSPEIVEKDCVKESGSHMWIYVFMGNMLRGIGETPIVPLGISYIDDFAKEGHSSLYLGSLNAIGMIGPVIGFALGSLFAKMYVDIGYVDLSTIRITPKDSRWVGAWWLGFLVSGLFSIISSIPFFFLPKNPNKPQKERKISLSLHVLKTNDDRNQTANLTNQGKNVTKNVTGFFQSLKSILTNPLYVIFLLLTLLQVSSFIGSFTYVFKYMEQQYGQSASHANFLLGIITIPTVATGMFLGGFIIKKFKLSLVGIAKFSFLTSMISFLFQLLYFPLICESKSVAGLTLTYDGNNSVASHVDVPLSYCNSECNCDESQWEPVCGNNGITYLSPCLAGCKSSSGIKKHTVFYNCSCVEVTGLQNRNYSAHLGECPRDNTCTRKFFIYVAIQVINSLFSATGGTTFILLTVKIVQPELKALAMGFQSMVIRTLGGILAPIYFGALIDKTCMKWSTNSCGAQGACRIYNSVFFGRVYLGLSIALRFPALVLYIVFIFAMKKKFQGKDTKASDNERKVMDEANLEFLNNGEHFVPSAGTDSKTCNLDMQDNAAAN,702
O94956,OATP2B1,MGPRIGPAGEVPQVPDKETKATMGTENTPGGKASPDPQDVRPSVFHNIKLFVLCHSLLQLAQLMISGYLKSSISTVEKRFGLSSQTSGLLASFNEVGNTALIVFVSYFGSRVHRPRMIGYGAILVALAGLLMTLPHFISEPYRYDNTSPEDMPQDFKASLCLPTTSAPASAPSNGNCSSYTETQHLSVVGIMFVAQTLLGVGGVPIQPFGISYIDDFAHNSNSPLYLGILFAVTMMGPGLAFGLGSLMLRLYVDINQMPEGGISLTIKDPRWVGAWWLGFLIAAGAVALAAIPYFFFPKEMPKEKRELQFRRKVLAVTDSPARKGKDSPSKQSPGESTKKQDGLVQIAPNLTVIQFIKVFPRVLLQTLRHPIFLLVVLSQVCLSSMAAGMATFLPKFLERQFSITASYANLLIGCLSFPSVIVGIVVGGVLVKRLHLGPVGCGALCLLGMLLCLFFSLPLFFIGCSSHQIAGITHQTSAHPGLELSPSCMEACSCPLDGFNPVCDPSTRVEYITPCHAGCSSWVVQDALDNSQVFYTNCSCVVEGNPVLAGSCDSTCSHLVVPFLLLVSLGSALACLTHTPSFMLILRGVKKEDKTLAVGIQFMFLRILAWMPSPVIHGSAIDTTCVHWALSCGRRAVCRYYNNDLLRNRFIGLQFFFKTGSVICFALVLAVLRQQDKEARTKESRSSPAVEQQLLVSGPGKKPEDSRV,709
P14867,GABA-A,MRKSPGLSDCLWAWILLLSTLTGRSYGQPSLQDELKDNTTVFTRILDRLLDGYDNRLRPGLGERVTEVKTDIFVTSFGPVSDHDMEYTIDVFFRQSWKDERLKFKGPMTVLRLNNLMASKIWTPDTFFHNGKKSVAHNMTMPNKLLRITEDGTLLYTMRLTVRAECPMHLEDFPMDAHACPLKFGSYAYTRAEVVYEWTREPARSVVVAEDGSRLNQYDLLGQTVDSGIVQSSTGEYVVMTTHFHLKRKIGYFVIQTYLPCIMTVILSQVSFWLNRESVPARTVFGVTTVLTMTTLSISARNSLPKVAYATAMDWFIAVCYAFVFSALIEFATVNYFTKRGYAWDGKSVVPEKPKKVKDPLIKKNNTYAPTATSYTPNLARGDPGLATIAKSATIEPKEVKPETKPPEPKKTFNSVSKIDRLSRIAFPLLFGIFNLVYWATYLNREPQLKAPTPHQ,456
